yfukcu,lhnpgel,dejgqsnl,ttzsbzzztt,fswewrmgbl,lqwtwpo,wnlat,jfgmzi,tqpvwxqsvk,kozisucyqc
819,581,840,604,940,246,461,416,205,203
56,379,804,726,820,753,42,950,328,782
862,242,622,890,191,690,670,920,721,982
415,903,793,448,581,736,141,353,3,591
121,201,392,664,205,52,222,425,451,425
43,428,897,279,543,630,414,105,18,379
326,466,305,945,943,751,464,305,250,406
53,138,745,683,497,914,536,54,94,661
780,240,772,865,340,689,344,747,34,928
384,387,287,559,517,854,762,816,759,260
524,222,942,506,747,966,517,978,784,386
921,980,81,541,324,616,530,857,636,622
12,563,508,534,95,843,236,974,374,637
739,806,961,195,100,542,570,678,956,445
679,972,950,786,368,298,421,897,46,798
136,906,128,226,337,226,417,936,457,499
689,766,309,334,325,928,470,621,754,446
761,708,965,759,514,141,14,36,394,194
455,471,803,970,153,695,876,608,112,746
364,806,875,366,137,377,677,935,563,264
212,894,850,354,966,57,248,420,367,950
492,524,951,254,738,66,798,633,140,860
579,256,209,320,563,267,308,517,60,972
229,984,815,794,160,746,42,74,780,689
412,459,96,248,392,78,308,28,214,638
690,366,275,276,651,833,41,838,443,82
391,689,496,360,839,25,989,693,208,910
348,4,638,922,107,322,356,465,441,422
580,158,818,263,141,307,251,481,331,263
85,392,664,103,209,556,751,69,260,390
101,855,465,868,220,602,940,568,779,362
432,467,182,725,360,47,525,229,54,90
811,64,162,638,827,736,968,636,45,865
172,202,360,119,139,482,286,211,730,16
384,967,241,203,326,23,261,102,168,637
298,106,160,119,865,887,531,784,158,950
259,86,44,405,814,879,514,898,378,654
574,260,590,962,624,168,422,748,629,35
987,593,960,703,74,111,37,54,984,88
7,206,883,660,798,402,981,614,739,570
23,841,305,153,24,760,953,792,496,264
380,633,689,473,540,97,992,744,511,451
157,711,432,329,463,810,268,160,136,614
317,492,788,550,14,790,448,258,365,800
901,117,386,844,626,304,907,650,200,410
597,844,513,396,219,116,480,15,31,459
627,329,254,650,962,525,238,78,385,369
577,433,630,955,993,704,170,598,697,261
239,958,220,974,355,239,961,178,695,300
223,359,788,140,511,446,562,883,347,86
46,895,953,812,441,221,476,277,180,37
765,779,50,975,75,435,128,472,992,150
63,291,545,251,403,220,396,836,721,560
753,491,942,199,898,638,52,763,271,35
201,680,538,620,930,798,181,291,569,810
406,706,258,628,691,779,817,264,378,741
413,973,682,734,117,190,421,264,929,560
492,528,738,413,269,924,304,581,464,295
480,795,842,347,640,373,639,866,852,805
916,76,627,705,204,596,741,551,113,598
368,362,83,241,978,703,656,85,231,582
924,769,751,999,172,854,48,112,850,809
565,555,974,18,67,66,589,77,264,857
694,983,645,357,969,685,292,55,132,17
335,29,35,933,565,340,394,394,202,219
431,990,532,601,791,812,215,624,155,401
768,650,275,172,657,96,50,5,248,841
821,6,228,173,162,310,211,987,894,462
695,334,561,962,323,883,377,594,340,69
620,901,44,43,98,877,125,230,875,600
644,191,274,371,168,128,186,576,241,33
604,291,639,876,522,399,411,571,762,639
599,218,525,239,446,101,562,665,854,860
279,399,371,337,779,185,309,213,421,457
766,810,209,603,829,934,998,994,972,413
433,308,971,599,353,462,723,290,552,783
153,860,893,819,95,456,949,479,921,809
728,282,861,442,541,370,535,724,734,331
846,831,699,120,537,865,784,110,786,72
77,352,193,260,942,821,788,765,429,771
174,51,548,853,269,382,552,303,748,913
341,405,801,111,247,202,494,604,831,545
940,226,53,507,978,777,840,362,543,855
639,138,33,805,926,721,786,510,294,663
398,369,521,233,53,908,636,37,876,411
587,675,867,633,587,168,842,821,128,514
208,946,108,711,179,142,488,451,104,893
960,490,915,390,770,493,132,861,110,111
660,695,96,73,947,814,305,869,874,151
959,161,655,137,939,44,622,313,159,536
953,56,112,937,770,512,193,614,57,986
407,518,891,27,211,147,698,937,596,355
134,47,101,171,870,670,29,841,936,57
860,334,194,970,706,338,832,316,551,182
406,252,454,382,943,155,365,364,91,78
907,160,489,944,688,386,956,154,456,227
538,994,280,453,206,369,88,146,304,286
84,188,498,47,49,378,767,406,886,853
22,520,133,46,582,799,259,158,932,636
455,202,897,57,299,132,391,395,656,163
693,619,585,974,902,880,687,629,824,9
988,640,928,912,863,465,630,251,201,309
14,495,114,584,52,351,391,139,172,836
651,256,808,734,562,494,48,785,503,920
892,74,737,156,196,717,100,387,124,299
948,564,429,602,876,9,38,162,793,712
695,601,393,249,913,551,615,658,971,468
369,738,786,835,625,38,636,237,895,696
946,230,887,575,126,518,286,720,585,478
118,854,79,911,935,191,572,107,114,410
169,113,112,251,690,853,752,551,989,965
493,404,692,824,374,413,947,113,218,530
903,343,577,744,351,238,252,582,902,977
697,98,218,288,634,632,965,582,626,727
847,712,621,336,572,327,732,656,699,661
285,769,28,47,115,756,984,803,842,323
55,941,797,491,524,129,158,168,998,292
872,834,502,455,263,474,173,406,667,560
114,78,86,794,925,644,783,3,251,776
199,383,635,440,788,178,607,87,504,798
722,922,318,316,108,730,647,236,764,162
750,638,746,136,233,668,412,491,245,627
702,133,337,616,822,977,195,295,309,463
604,592,224,576,532,89,131,836,602,873
324,81,757,339,856,254,194,703,889,762
971,719,82,289,807,19,6,819,427,622
699,634,341,438,743,850,638,276,374,128
142,826,810,118,173,744,455,978,243,670
258,832,671,465,563,77,184,448,677,942
172,499,177,59,38,154,7,935,566,684
458,143,961,979,162,505,973,813,241,719
179,135,28,477,789,943,785,740,41,15
613,716,8,295,341,711,505,276,433,815
616,43,239,671,199,333,607,127,496,683
103,651,190,537,346,303,837,916,165,357
137,299,451,97,810,640,925,671,57,309
292,675,625,345,289,612,986,893,750,936
550,591,565,421,328,611,391,111,105,765
92,131,717,316,38,627,666,245,96,717
304,884,324,998,493,283,110,758,926,475
598,683,985,509,61,733,733,362,613,844
342,721,678,508,244,295,641,412,506,643
45,268,988,134,592,100,44,748,931,388
909,44,45,171,744,386,149,628,369,169
966,845,670,910,516,327,610,409,113,6
568,904,673,261,142,403,512,759,868,313
913,865,160,433,919,412,210,85,225,160
216,933,79,65,453,411,249,684,49,881
382,952,838,384,876,466,304,934,827,552
398,332,686,924,204,881,584,686,308,259
402,429,31,855,519,763,153,62,122,156
965,920,473,598,888,232,316,266,933,970
575,239,988,67,818,859,154,370,170,999
916,917,14,982,839,999,147,540,928,728
214,259,143,5,870,895,952,535,35,411
437,715,581,96,695,559,507,68,197,446
362,459,478,745,754,924,990,489,426,11
295,593,96,681,452,314,297,814,538,368
355,489,420,915,340,695,653,48,227,867
605,758,302,430,135,961,907,145,464,67
151,63,566,98,761,349,258,467,845,182
895,827,94,332,398,794,892,963,779,385
